"","V1","V2","V3"
"1",23.5,-129.5,0.093
"2",23.5,-128.5,0.103
"3",23.5,-127.5,0.104
"4",23.5,-126.5,0.115
"5",23.5,-125.5,0.11
"6",23.5,-124.5,0.11
"7",23.5,-123.5,0.117
"8",23.5,-122.5,0.124
"9",23.5,-121.5,0.119
"10",23.5,-120.5,0.103
"11",23.5,-119.5,0.11
"12",23.5,-118.5,0.12
"13",23.5,-117.5,0.098
"14",23.5,-116.5,0.094
"15",23.5,-115.5,0.126
"16",23.5,-114.5,0.112
"17",23.5,-113.5,0.1
"18",23.5,-112.5,0.108
"19",23.5,-111.5,0.105
"20",23.5,-110.5,0.1
"21",23.5,-109.5,0.067
"22",23.5,-108.5,0.11
"23",23.5,-107.5,0.117
"24",23.5,-106.5,0.069
"25",23.5,-105.5,0.042
"26",23.5,-104.5,0.056
"27",23.5,-103.5,0.045
"28",23.5,-102.5,0.061
"29",23.5,-101.5,0.149
"30",23.5,-100.5,0.167
"31",23.5,-99.5,0.067
"32",23.5,-98.5,0.107
"33",23.5,-97.5,0.191
"34",23.5,-96.5,0.236
"35",23.5,-95.5,0.228
"36",23.5,-94.5,0.227
"37",23.5,-93.5,0.22
"38",23.5,-92.5,0.204
"39",23.5,-91.5,0.201
"40",23.5,-90.5,0.165
"41",23.5,-89.5,0.158
"42",23.5,-88.5,0.166
"43",23.5,-87.5,0.16
"44",23.5,-86.5,0.16
"45",23.5,-85.5,0.145
"46",23.5,-84.5,0.134
"47",23.5,-83.5,0.14
"48",23.5,-82.5,0.141
"49",23.5,-81.5,0.135
"50",23.5,-80.5,0.161
"51",23.5,-79.5,0.151
"52",23.5,-78.5,0.167
"53",23.5,-77.5,0.152
"54",23.5,-76.5,0.14
"55",23.5,-75.5,0.138
"56",23.5,-74.5,0.136
"57",23.5,-73.5,0.137
"58",23.5,-72.5,0.139
"59",23.5,-71.5,0.137
"60",23.5,-70.5,0.134
"61",23.5,-69.5,0.137
"62",23.5,-68.5,0.12
"63",23.5,-67.5,0.129
"64",23.5,-66.5,0.127
"65",23.5,-65.5,0.129
"66",23.5,-64.5,0.126
"67",23.5,-63.5,0.133
"68",23.5,-62.5,0.136
"69",23.5,-61.5,0.135
"70",23.5,-60.5,0.15
"71",24.5,-129.5,0.088
"72",24.5,-128.5,0.093
"73",24.5,-127.5,0.103
"74",24.5,-126.5,0.105
"75",24.5,-125.5,0.105
"76",24.5,-124.5,0.102
"77",24.5,-123.5,0.119
"78",24.5,-122.5,0.112
"79",24.5,-121.5,0.126
"80",24.5,-120.5,0.124
"81",24.5,-119.5,0.119
"82",24.5,-118.5,0.106
"83",24.5,-117.5,0.106
"84",24.5,-116.5,0.115
"85",24.5,-115.5,0.125
"86",24.5,-114.5,0.114
"87",24.5,-113.5,0.103
"88",24.5,-112.5,0.101
"89",24.5,-111.5,0.173
"90",24.5,-110.5,0.175
"91",24.5,-109.5,0.104
"92",24.5,-108.5,0.109
"93",24.5,-107.5,0.108
"94",24.5,-106.5,0.038
"95",24.5,-105.5,0.037
"96",24.5,-104.5,0.064
"97",24.5,-103.5,0.112
"98",24.5,-102.5,0.218
"99",24.5,-101.5,0.23
"100",24.5,-100.5,0.171
"101",24.5,-99.5,0.064
"102",24.5,-98.5,0.097
"103",24.5,-97.5,0.204
"104",24.5,-96.5,0.214
"105",24.5,-95.5,0.217
"106",24.5,-94.5,0.214
"107",24.5,-93.5,0.201
"108",24.5,-92.5,0.187
"109",24.5,-91.5,0.185
"110",24.5,-90.5,0.165
"111",24.5,-89.5,0.151
"112",24.5,-88.5,0.15
"113",24.5,-87.5,0.15
"114",24.5,-86.5,0.151
"115",24.5,-85.5,0.155
"116",24.5,-84.5,0.149
"117",24.5,-83.5,0.15
"118",24.5,-82.5,0.149
"119",24.5,-81.5,0.151
"120",24.5,-80.5,0.152
"121",24.5,-79.5,0.139
"122",24.5,-78.5,0.137
"123",24.5,-77.5,0.142
"124",24.5,-76.5,0.13
"125",24.5,-75.5,0.128
"126",24.5,-74.5,0.133
"127",24.5,-73.5,0.13
"128",24.5,-72.5,0.126
"129",24.5,-71.5,0.122
"130",24.5,-70.5,0.122
"131",24.5,-69.5,0.124
"132",24.5,-68.5,0.113
"133",24.5,-67.5,0.114
"134",24.5,-66.5,0.116
"135",24.5,-65.5,0.117
"136",24.5,-64.5,0.121
"137",24.5,-63.5,0.124
"138",24.5,-62.5,0.119
"139",24.5,-61.5,0.121
"140",24.5,-60.5,0.13
"141",25.5,-129.5,0.092
"142",25.5,-128.5,0.089
"143",25.5,-127.5,0.1
"144",25.5,-126.5,0.111
"145",25.5,-125.5,0.108
"146",25.5,-124.5,0.106
"147",25.5,-123.5,0.117
"148",25.5,-122.5,0.114
"149",25.5,-121.5,0.127
"150",25.5,-120.5,0.109
"151",25.5,-119.5,0.105
"152",25.5,-118.5,0.11
"153",25.5,-117.5,0.095
"154",25.5,-116.5,0.108
"155",25.5,-115.5,0.121
"156",25.5,-114.5,0.12
"157",25.5,-113.5,0.099
"158",25.5,-112.5,0.089
"159",25.5,-111.5,0.146
"160",25.5,-110.5,0.103
"161",25.5,-109.5,0.111
"162",25.5,-108.5,0.116
"163",25.5,-107.5,0.035
"164",25.5,-106.5,0.031
"165",25.5,-105.5,0.072
"166",25.5,-104.5,0.117
"167",25.5,-103.5,0.234
"168",25.5,-102.5,0.333
"169",25.5,-101.5,0.181
"170",25.5,-100.5,0.077
"171",25.5,-99.5,0.081
"172",25.5,-98.5,0.145
"173",25.5,-97.5,0.198
"174",25.5,-96.5,0.197
"175",25.5,-95.5,0.197
"176",25.5,-94.5,0.193
"177",25.5,-93.5,0.187
"178",25.5,-92.5,0.18
"179",25.5,-91.5,0.176
"180",25.5,-90.5,0.162
"181",25.5,-89.5,0.15
"182",25.5,-88.5,0.153
"183",25.5,-87.5,0.151
"184",25.5,-86.5,0.148
"185",25.5,-85.5,0.155
"186",25.5,-84.5,0.156
"187",25.5,-83.5,0.141
"188",25.5,-82.5,0.139
"189",25.5,-81.5,0.129
"190",25.5,-80.5,0.182
"191",25.5,-79.5,0.135
"192",25.5,-78.5,0.135
"193",25.5,-77.5,0.139
"194",25.5,-76.5,0.13
"195",25.5,-75.5,0.121
"196",25.5,-74.5,0.128
"197",25.5,-73.5,0.124
"198",25.5,-72.5,0.121
"199",25.5,-71.5,0.12
"200",25.5,-70.5,0.114
"201",25.5,-69.5,0.11
"202",25.5,-68.5,0.113
"203",25.5,-67.5,0.113
"204",25.5,-66.5,0.116
"205",25.5,-65.5,0.113
"206",25.5,-64.5,0.112
"207",25.5,-63.5,0.11
"208",25.5,-62.5,0.108
"209",25.5,-61.5,0.109
"210",25.5,-60.5,0.121
"211",26.5,-129.5,0.097
"212",26.5,-128.5,0.105
"213",26.5,-127.5,0.1
"214",26.5,-126.5,0.099
"215",26.5,-125.5,0.101
"216",26.5,-124.5,0.107
"217",26.5,-123.5,0.107
"218",26.5,-122.5,0.113
"219",26.5,-121.5,0.126
"220",26.5,-120.5,0.102
"221",26.5,-119.5,0.104
"222",26.5,-118.5,0.108
"223",26.5,-117.5,0.106
"224",26.5,-116.5,0.105
"225",26.5,-115.5,0.123
"226",26.5,-114.5,0.102
"227",26.5,-113.5,0.09
"228",26.5,-112.5,0.137
"229",26.5,-111.5,0.158
"230",26.5,-110.5,0.096
"231",26.5,-109.5,0.1
"232",26.5,-108.5,0.028
"233",26.5,-107.5,0.025
"234",26.5,-106.5,0.049
"235",26.5,-105.5,0.077
"236",26.5,-104.5,0.221
"237",26.5,-103.5,0.331
"238",26.5,-102.5,0.287
"239",26.5,-101.5,0.181
"240",26.5,-100.5,0.136
"241",26.5,-99.5,0.107
"242",26.5,-98.5,0.128
"243",26.5,-97.5,0.157
"244",26.5,-96.5,0.186
"245",26.5,-95.5,0.176
"246",26.5,-94.5,0.182
"247",26.5,-93.5,0.171
"248",26.5,-92.5,0.17
"249",26.5,-91.5,0.167
"250",26.5,-90.5,0.161
"251",26.5,-89.5,0.154
"252",26.5,-88.5,0.152
"253",26.5,-87.5,0.157
"254",26.5,-86.5,0.153
"255",26.5,-85.5,0.151
"256",26.5,-84.5,0.146
"257",26.5,-83.5,0.134
"258",26.5,-82.5,0.122
"259",26.5,-81.5,0.078
"260",26.5,-80.5,0.125
"261",26.5,-79.5,0.132
"262",26.5,-78.5,0.135
"263",26.5,-77.5,0.129
"264",26.5,-76.5,0.128
"265",26.5,-75.5,0.118
"266",26.5,-74.5,0.118
"267",26.5,-73.5,0.117
"268",26.5,-72.5,0.115
"269",26.5,-71.5,0.12
"270",26.5,-70.5,0.115
"271",26.5,-69.5,0.11
"272",26.5,-68.5,0.113
"273",26.5,-67.5,0.11
"274",26.5,-66.5,0.115
"275",26.5,-65.5,0.11
"276",26.5,-64.5,0.11
"277",26.5,-63.5,0.109
"278",26.5,-62.5,0.109
"279",26.5,-61.5,0.105
"280",26.5,-60.5,0.105
"281",27.5,-129.5,0.105
"282",27.5,-128.5,0.106
"283",27.5,-127.5,0.103
"284",27.5,-126.5,0.109
"285",27.5,-125.5,0.108
"286",27.5,-124.5,0.106
"287",27.5,-123.5,0.102
"288",27.5,-122.5,0.11
"289",27.5,-121.5,0.117
"290",27.5,-120.5,0.093
"291",27.5,-119.5,0.102
"292",27.5,-118.5,0.113
"293",27.5,-117.5,0.124
"294",27.5,-116.5,0.118
"295",27.5,-115.5,0.114
"296",27.5,-114.5,0.11
"297",27.5,-113.5,0.131
"298",27.5,-112.5,0.172
"299",27.5,-111.5,0.093
"300",27.5,-110.5,0.099
"301",27.5,-109.5,0.047
"302",27.5,-108.5,0.025
"303",27.5,-107.5,0.044
"304",27.5,-106.5,0.076
"305",27.5,-105.5,0.157
"306",27.5,-104.5,0.235
"307",27.5,-103.5,0.351
"308",27.5,-102.5,0.241
"309",27.5,-101.5,0.163
"310",27.5,-100.5,0.171
"311",27.5,-99.5,0.131
"312",27.5,-98.5,0.098
"313",27.5,-97.5,0.122
"314",27.5,-96.5,0.17
"315",27.5,-95.5,0.169
"316",27.5,-94.5,0.166
"317",27.5,-93.5,0.162
"318",27.5,-92.5,0.164
"319",27.5,-91.5,0.157
"320",27.5,-90.5,0.162
"321",27.5,-89.5,0.154
"322",27.5,-88.5,0.151
"323",27.5,-87.5,0.153
"324",27.5,-86.5,0.148
"325",27.5,-85.5,0.148
"326",27.5,-84.5,0.142
"327",27.5,-83.5,0.137
"328",27.5,-82.5,0.082
"329",27.5,-81.5,0.047
"330",27.5,-80.5,0.087
"331",27.5,-79.5,0.134
"332",27.5,-78.5,0.132
"333",27.5,-77.5,0.134
"334",27.5,-76.5,0.133
"335",27.5,-75.5,0.128
"336",27.5,-74.5,0.122
"337",27.5,-73.5,0.121
"338",27.5,-72.5,0.114
"339",27.5,-71.5,0.11
"340",27.5,-70.5,0.112
"341",27.5,-69.5,0.109
"342",27.5,-68.5,0.105
"343",27.5,-67.5,0.107
"344",27.5,-66.5,0.113
"345",27.5,-65.5,0.111
"346",27.5,-64.5,0.11
"347",27.5,-63.5,0.11
"348",27.5,-62.5,0.109
"349",27.5,-61.5,0.109
"350",27.5,-60.5,0.105
"351",28.5,-129.5,0.101
"352",28.5,-128.5,0.1
"353",28.5,-127.5,0.1
"354",28.5,-126.5,0.107
"355",28.5,-125.5,0.1
"356",28.5,-124.5,0.106
"357",28.5,-123.5,0.111
"358",28.5,-122.5,0.114
"359",28.5,-121.5,0.113
"360",28.5,-120.5,0.096
"361",28.5,-119.5,0.105
"362",28.5,-118.5,0.114
"363",28.5,-117.5,0.114
"364",28.5,-116.5,0.114
"365",28.5,-115.5,0.11
"366",28.5,-114.5,0.104
"367",28.5,-113.5,0.16
"368",28.5,-112.5,0.119
"369",28.5,-111.5,0.12
"370",28.5,-110.5,0.07
"371",28.5,-109.5,0.015
"372",28.5,-108.5,0.021
"373",28.5,-107.5,0.035
"374",28.5,-106.5,0.082
"375",28.5,-105.5,0.188
"376",28.5,-104.5,0.161
"377",28.5,-103.5,0.275
"378",28.5,-102.5,0.205
"379",28.5,-101.5,0.112
"380",28.5,-100.5,0.135
"381",28.5,-99.5,0.082
"382",28.5,-98.5,0.091
"383",28.5,-97.5,0.057
"384",28.5,-96.5,0.102
"385",28.5,-95.5,0.149
"386",28.5,-94.5,0.156
"387",28.5,-93.5,0.156
"388",28.5,-92.5,0.143
"389",28.5,-91.5,0.178
"390",28.5,-90.5,0.158
"391",28.5,-89.5,0.15
"392",28.5,-88.5,0.146
"393",28.5,-87.5,0.147
"394",28.5,-86.5,0.142
"395",28.5,-85.5,0.142
"396",28.5,-84.5,0.137
"397",28.5,-83.5,0.132
"398",28.5,-82.5,0.078
"399",28.5,-81.5,0.055
"400",28.5,-80.5,0.106
"401",28.5,-79.5,0.133
"402",28.5,-78.5,0.132
"403",28.5,-77.5,0.138
"404",28.5,-76.5,0.138
"405",28.5,-75.5,0.127
"406",28.5,-74.5,0.123
"407",28.5,-73.5,0.121
"408",28.5,-72.5,0.114
"409",28.5,-71.5,0.113
"410",28.5,-70.5,0.115
"411",28.5,-69.5,0.109
"412",28.5,-68.5,0.103
"413",28.5,-67.5,0.107
"414",28.5,-66.5,0.112
"415",28.5,-65.5,0.115
"416",28.5,-64.5,0.109
"417",28.5,-63.5,0.107
"418",28.5,-62.5,0.105
"419",28.5,-61.5,0.108
"420",28.5,-60.5,0.108
"421",29.5,-129.5,0.097
"422",29.5,-128.5,0.103
"423",29.5,-127.5,0.102
"424",29.5,-126.5,0.103
"425",29.5,-125.5,0.098
"426",29.5,-124.5,0.099
"427",29.5,-123.5,0.115
"428",29.5,-122.5,0.11
"429",29.5,-121.5,0.096
"430",29.5,-120.5,0.098
"431",29.5,-119.5,0.104
"432",29.5,-118.5,0.105
"433",29.5,-117.5,0.109
"434",29.5,-116.5,0.107
"435",29.5,-115.5,0.089
"436",29.5,-114.5,0.104
"437",29.5,-113.5,0.088
"438",29.5,-112.5,0.138
"439",29.5,-111.5,0.144
"440",29.5,-110.5,0.073
"441",29.5,-109.5,0.049
"442",29.5,-108.5,0.027
"443",29.5,-107.5,0.055
"444",29.5,-106.5,0.09
"445",29.5,-105.5,0.285
"446",29.5,-104.5,0.32
"447",29.5,-103.5,0.282
"448",29.5,-102.5,0.249
"449",29.5,-101.5,0.246
"450",29.5,-100.5,0.121
"451",29.5,-99.5,0.052
"452",29.5,-98.5,0.065
"453",29.5,-97.5,0.058
"454",29.5,-96.5,0.05
"455",29.5,-95.5,0.079
"456",29.5,-94.5,0.119
"457",29.5,-93.5,0.141
"458",29.5,-92.5,0.132
"459",29.5,-91.5,0.16
"460",29.5,-90.5,0.111
"461",29.5,-89.5,0.166
"462",29.5,-88.5,0.143
"463",29.5,-87.5,0.15
"464",29.5,-86.5,0.145
"465",29.5,-85.5,0.135
"466",29.5,-84.5,0.126
"467",29.5,-83.5,0.097
"468",29.5,-82.5,0.055
"469",29.5,-81.5,0.067
"470",29.5,-80.5,0.127
"471",29.5,-79.5,0.132
"472",29.5,-78.5,0.137
"473",29.5,-77.5,0.135
"474",29.5,-76.5,0.14
"475",29.5,-75.5,0.129
"476",29.5,-74.5,0.129
"477",29.5,-73.5,0.125
"478",29.5,-72.5,0.121
"479",29.5,-71.5,0.116
"480",29.5,-70.5,0.109
"481",29.5,-69.5,0.11
"482",29.5,-68.5,0.104
"483",29.5,-67.5,0.103
"484",29.5,-66.5,0.107
"485",29.5,-65.5,0.111
"486",29.5,-64.5,0.107
"487",29.5,-63.5,0.112
"488",29.5,-62.5,0.115
"489",29.5,-61.5,0.114
"490",29.5,-60.5,0.111
"491",30.5,-129.5,0.102
"492",30.5,-128.5,0.102
"493",30.5,-127.5,0.105
"494",30.5,-126.5,0.101
"495",30.5,-125.5,0.101
"496",30.5,-124.5,0.108
"497",30.5,-123.5,0.114
"498",30.5,-122.5,0.115
"499",30.5,-121.5,0.101
"500",30.5,-120.5,0.107
"501",30.5,-119.5,0.107
"502",30.5,-118.5,0.107
"503",30.5,-117.5,0.121
"504",30.5,-116.5,0.096
"505",30.5,-115.5,0.069
"506",30.5,-114.5,0.125
"507",30.5,-113.5,0.09
"508",30.5,-112.5,0.294
"509",30.5,-111.5,0.177
"510",30.5,-110.5,0.086
"511",30.5,-109.5,0.104
"512",30.5,-108.5,0.076
"513",30.5,-107.5,0.156
"514",30.5,-106.5,0.191
"515",30.5,-105.5,0.308
"516",30.5,-104.5,0.215
"517",30.5,-103.5,0.143
"518",30.5,-102.5,0.265
"519",30.5,-101.5,0.222
"520",30.5,-100.5,0.137
"521",30.5,-99.5,0.073
"522",30.5,-98.5,0.048
"523",30.5,-97.5,0.065
"524",30.5,-96.5,0.058
"525",30.5,-95.5,0.063
"526",30.5,-94.5,0.061
"527",30.5,-93.5,0.063
"528",30.5,-92.5,0.076
"529",30.5,-91.5,0.071
"530",30.5,-90.5,0.075
"531",30.5,-89.5,0.081
"532",30.5,-88.5,0.098
"533",30.5,-87.5,0.097
"534",30.5,-86.5,0.108
"535",30.5,-85.5,0.073
"536",30.5,-84.5,0.089
"537",30.5,-83.5,0.076
"538",30.5,-82.5,0.076
"539",30.5,-81.5,0.107
"540",30.5,-80.5,0.132
"541",30.5,-79.5,0.135
"542",30.5,-78.5,0.141
"543",30.5,-77.5,0.141
"544",30.5,-76.5,0.135
"545",30.5,-75.5,0.129
"546",30.5,-74.5,0.124
"547",30.5,-73.5,0.122
"548",30.5,-72.5,0.126
"549",30.5,-71.5,0.124
"550",30.5,-70.5,0.117
"551",30.5,-69.5,0.113
"552",30.5,-68.5,0.113
"553",30.5,-67.5,0.112
"554",30.5,-66.5,0.114
"555",30.5,-65.5,0.115
"556",30.5,-64.5,0.117
"557",30.5,-63.5,0.116
"558",30.5,-62.5,0.115
"559",30.5,-61.5,0.114
"560",30.5,-60.5,0.119
"561",31.5,-129.5,0.107
"562",31.5,-128.5,0.107
"563",31.5,-127.5,0.112
"564",31.5,-126.5,0.109
"565",31.5,-125.5,0.108
"566",31.5,-124.5,0.105
"567",31.5,-123.5,0.118
"568",31.5,-122.5,0.123
"569",31.5,-121.5,0.107
"570",31.5,-120.5,0.121
"571",31.5,-119.5,0.11
"572",31.5,-118.5,0.112
"573",31.5,-117.5,0.106
"574",31.5,-116.5,0.035
"575",31.5,-115.5,0.081
"576",31.5,-114.5,0.102
"577",31.5,-113.5,0.133
"578",31.5,-112.5,0.237
"579",31.5,-111.5,0.149
"580",31.5,-110.5,0.111
"581",31.5,-109.5,0.126
"582",31.5,-108.5,0.158
"583",31.5,-107.5,0.226
"584",31.5,-106.5,0.354
"585",31.5,-105.5,0.317
"586",31.5,-104.5,0.21
"587",31.5,-103.5,0.196
"588",31.5,-102.5,0.223
"589",31.5,-101.5,0.182
"590",31.5,-100.5,0.112
"591",31.5,-99.5,0.058
"592",31.5,-98.5,0.049
"593",31.5,-97.5,0.057
"594",31.5,-96.5,0.051
"595",31.5,-95.5,0.049
"596",31.5,-94.5,0.053
"597",31.5,-93.5,0.053
"598",31.5,-92.5,0.053
"599",31.5,-91.5,0.052
"600",31.5,-90.5,0.052
"601",31.5,-89.5,0.058
"602",31.5,-88.5,0.059
"603",31.5,-87.5,0.068
"604",31.5,-86.5,0.075
"605",31.5,-85.5,0.072
"606",31.5,-84.5,0.069
"607",31.5,-83.5,0.079
"608",31.5,-82.5,0.081
"609",31.5,-81.5,0.108
"610",31.5,-80.5,0.133
"611",31.5,-79.5,0.141
"612",31.5,-78.5,0.146
"613",31.5,-77.5,0.139
"614",31.5,-76.5,0.134
"615",31.5,-75.5,0.128
"616",31.5,-74.5,0.126
"617",31.5,-73.5,0.122
"618",31.5,-72.5,0.127
"619",31.5,-71.5,0.121
"620",31.5,-70.5,0.125
"621",31.5,-69.5,0.124
"622",31.5,-68.5,0.116
"623",31.5,-67.5,0.117
"624",31.5,-66.5,0.121
"625",31.5,-65.5,0.123
"626",31.5,-64.5,0.125
"627",31.5,-63.5,0.122
"628",31.5,-62.5,0.122
"629",31.5,-61.5,0.121
"630",31.5,-60.5,0.127
"631",32.5,-129.5,0.108
"632",32.5,-128.5,0.111
"633",32.5,-127.5,0.119
"634",32.5,-126.5,0.112
"635",32.5,-125.5,0.108
"636",32.5,-124.5,0.115
"637",32.5,-123.5,0.116
"638",32.5,-122.5,0.114
"639",32.5,-121.5,0.12
"640",32.5,-120.5,0.109
"641",32.5,-119.5,0.106
"642",32.5,-118.5,0.102
"643",32.5,-117.5,0.115
"644",32.5,-116.5,0.028
"645",32.5,-115.5,0.18
"646",32.5,-114.5,0.21
"647",32.5,-113.5,0.243
"648",32.5,-112.5,0.255
"649",32.5,-111.5,0.226
"650",32.5,-110.5,0.178
"651",32.5,-109.5,0.214
"652",32.5,-108.5,0.157
"653",32.5,-107.5,0.224
"654",32.5,-106.5,0.244
"655",32.5,-105.5,0.115
"656",32.5,-104.5,0.198
"657",32.5,-103.5,0.114
"658",32.5,-102.5,0.054
"659",32.5,-101.5,0.094
"660",32.5,-100.5,0.067
"661",32.5,-99.5,0.045
"662",32.5,-98.5,0.042
"663",32.5,-97.5,0.072
"664",32.5,-96.5,0.074
"665",32.5,-95.5,0.053
"666",32.5,-94.5,0.049
"667",32.5,-93.5,0.048
"668",32.5,-92.5,0.052
"669",32.5,-91.5,0.068
"670",32.5,-90.5,0.06
"671",32.5,-89.5,0.068
"672",32.5,-88.5,0.067
"673",32.5,-87.5,0.071
"674",32.5,-86.5,0.07
"675",32.5,-85.5,0.063
"676",32.5,-84.5,0.065
"677",32.5,-83.5,0.073
"678",32.5,-82.5,0.071
"679",32.5,-81.5,0.076
"680",32.5,-80.5,0.119
"681",32.5,-79.5,0.142
"682",32.5,-78.5,0.138
"683",32.5,-77.5,0.14
"684",32.5,-76.5,0.137
"685",32.5,-75.5,0.144
"686",32.5,-74.5,0.141
"687",32.5,-73.5,0.136
"688",32.5,-72.5,0.129
"689",32.5,-71.5,0.123
"690",32.5,-70.5,0.126
"691",32.5,-69.5,0.126
"692",32.5,-68.5,0.122
"693",32.5,-67.5,0.126
"694",32.5,-66.5,0.13
"695",32.5,-65.5,0.127
"696",32.5,-64.5,0.131
"697",32.5,-63.5,0.13
"698",32.5,-62.5,0.134
"699",32.5,-61.5,0.13
"700",32.5,-60.5,0.133
"701",33.5,-129.5,0.119
"702",33.5,-128.5,0.114
"703",33.5,-127.5,0.123
"704",33.5,-126.5,0.123
"705",33.5,-125.5,0.119
"706",33.5,-124.5,0.123
"707",33.5,-123.5,0.115
"708",33.5,-122.5,0.112
"709",33.5,-121.5,0.143
"710",33.5,-120.5,0.117
"711",33.5,-119.5,0.108
"712",33.5,-118.5,0.183
"713",33.5,-117.5,0.081
"714",33.5,-116.5,0.043
"715",33.5,-115.5,0.164
"716",33.5,-114.5,0.266
"717",33.5,-113.5,0.296
"718",33.5,-112.5,0.254
"719",33.5,-111.5,0.172
"720",33.5,-110.5,0.119
"721",33.5,-109.5,0.103
"722",33.5,-108.5,0.085
"723",33.5,-107.5,0.154
"724",33.5,-106.5,0.187
"725",33.5,-105.5,0.109
"726",33.5,-104.5,0.175
"727",33.5,-103.5,0.084
"728",33.5,-102.5,0.06
"729",33.5,-101.5,0.069
"730",33.5,-100.5,0.07
"731",33.5,-99.5,0.058
"732",33.5,-98.5,0.047
"733",33.5,-97.5,0.061
"734",33.5,-96.5,0.068
"735",33.5,-95.5,0.057
"736",33.5,-94.5,0.058
"737",33.5,-93.5,0.053
"738",33.5,-92.5,0.056
"739",33.5,-91.5,0.077
"740",33.5,-90.5,0.118
"741",33.5,-89.5,0.057
"742",33.5,-88.5,0.069
"743",33.5,-87.5,0.06
"744",33.5,-86.5,0.055
"745",33.5,-85.5,0.045
"746",33.5,-84.5,0.072
"747",33.5,-83.5,0.065
"748",33.5,-82.5,0.056
"749",33.5,-81.5,0.05
"750",33.5,-80.5,0.061
"751",33.5,-79.5,0.07
"752",33.5,-78.5,0.13
"753",33.5,-77.5,0.138
"754",33.5,-76.5,0.136
"755",33.5,-75.5,0.14
"756",33.5,-74.5,0.142
"757",33.5,-73.5,0.149
"758",33.5,-72.5,0.144
"759",33.5,-71.5,0.134
"760",33.5,-70.5,0.132
"761",33.5,-69.5,0.129
"762",33.5,-68.5,0.136
"763",33.5,-67.5,0.135
"764",33.5,-66.5,0.136
"765",33.5,-65.5,0.135
"766",33.5,-64.5,0.134
"767",33.5,-63.5,0.137
"768",33.5,-62.5,0.138
"769",33.5,-61.5,0.141
"770",33.5,-60.5,0.139
"771",34.5,-129.5,0.12
"772",34.5,-128.5,0.122
"773",34.5,-127.5,0.125
"774",34.5,-126.5,0.122
"775",34.5,-125.5,0.128
"776",34.5,-124.5,0.131
"777",34.5,-123.5,0.126
"778",34.5,-122.5,0.126
"779",34.5,-121.5,0.119
"780",34.5,-120.5,0.065
"781",34.5,-119.5,0.046
"782",34.5,-118.5,0.071
"783",34.5,-117.5,0.136
"784",34.5,-116.5,0.145
"785",34.5,-115.5,0.295
"786",34.5,-114.5,0.297
"787",34.5,-113.5,0.177
"788",34.5,-112.5,0.111
"789",34.5,-111.5,0.098
"790",34.5,-110.5,0.07
"791",34.5,-109.5,0.146
"792",34.5,-108.5,0.119
"793",34.5,-107.5,0.142
"794",34.5,-106.5,0.108
"795",34.5,-105.5,0.075
"796",34.5,-104.5,0.089
"797",34.5,-103.5,0.09
"798",34.5,-102.5,0.079
"799",34.5,-101.5,0.083
"800",34.5,-100.5,0.067
"801",34.5,-99.5,0.064
"802",34.5,-98.5,0.055
"803",34.5,-97.5,0.05
"804",34.5,-96.5,0.05
"805",34.5,-95.5,0.054
"806",34.5,-94.5,0.057
"807",34.5,-93.5,0.055
"808",34.5,-92.5,0.068
"809",34.5,-91.5,0.1
"810",34.5,-90.5,0.103
"811",34.5,-89.5,0.054
"812",34.5,-88.5,0.063
"813",34.5,-87.5,0.064
"814",34.5,-86.5,0.063
"815",34.5,-85.5,0.064
"816",34.5,-84.5,0.069
"817",34.5,-83.5,0.076
"818",34.5,-82.5,0.058
"819",34.5,-81.5,0.054
"820",34.5,-80.5,0.065
"821",34.5,-79.5,0.065
"822",34.5,-78.5,0.062
"823",34.5,-77.5,0.09
"824",34.5,-76.5,0.127
"825",34.5,-75.5,0.135
"826",34.5,-74.5,0.136
"827",34.5,-73.5,0.147
"828",34.5,-72.5,0.145
"829",34.5,-71.5,0.14
"830",34.5,-70.5,0.137
"831",34.5,-69.5,0.132
"832",34.5,-68.5,0.139
"833",34.5,-67.5,0.135
"834",34.5,-66.5,0.137
"835",34.5,-65.5,0.134
"836",34.5,-64.5,0.141
"837",34.5,-63.5,0.137
"838",34.5,-62.5,0.135
"839",34.5,-61.5,0.141
"840",34.5,-60.5,0.145
"841",35.5,-129.5,0.123
"842",35.5,-128.5,0.123
"843",35.5,-127.5,0.125
"844",35.5,-126.5,0.127
"845",35.5,-125.5,0.131
"846",35.5,-124.5,0.132
"847",35.5,-123.5,0.132
"848",35.5,-122.5,0.132
"849",35.5,-121.5,0.085
"850",35.5,-120.5,0.033
"851",35.5,-119.5,0.107
"852",35.5,-118.5,0.058
"853",35.5,-117.5,0.348
"854",35.5,-116.5,0.376
"855",35.5,-115.5,0.29
"856",35.5,-114.5,0.282
"857",35.5,-113.5,0.116
"858",35.5,-112.5,0.095
"859",35.5,-111.5,0.146
"860",35.5,-110.5,0.183
"861",35.5,-109.5,0.102
"862",35.5,-108.5,0.071
"863",35.5,-107.5,0.11
"864",35.5,-106.5,0.137
"865",35.5,-105.5,0.059
"866",35.5,-104.5,0.068
"867",35.5,-103.5,0.091
"868",35.5,-102.5,0.123
"869",35.5,-101.5,0.143
"870",35.5,-100.5,0.101
"871",35.5,-99.5,0.058
"872",35.5,-98.5,0.054
"873",35.5,-97.5,0.062
"874",35.5,-96.5,0.053
"875",35.5,-95.5,0.076
"876",35.5,-94.5,0.072
"877",35.5,-93.5,0.059
"878",35.5,-92.5,0.058
"879",35.5,-91.5,0.085
"880",35.5,-90.5,0.124
"881",35.5,-89.5,0.083
"882",35.5,-88.5,0.071
"883",35.5,-87.5,0.054
"884",35.5,-86.5,0.057
"885",35.5,-85.5,0.059
"886",35.5,-84.5,0.071
"887",35.5,-83.5,0.054
"888",35.5,-82.5,0.054
"889",35.5,-81.5,0.058
"890",35.5,-80.5,0.062
"891",35.5,-79.5,0.048
"892",35.5,-78.5,0.067
"893",35.5,-77.5,0.07
"894",35.5,-76.5,0.079
"895",35.5,-75.5,0.12
"896",35.5,-74.5,0.135
"897",35.5,-73.5,0.145
"898",35.5,-72.5,0.145
"899",35.5,-71.5,0.144
"900",35.5,-70.5,0.135
"901",35.5,-69.5,0.138
"902",35.5,-68.5,0.147
"903",35.5,-67.5,0.143
"904",35.5,-66.5,0.137
"905",35.5,-65.5,0.139
"906",35.5,-64.5,0.147
"907",35.5,-63.5,0.144
"908",35.5,-62.5,0.138
"909",35.5,-61.5,0.138
"910",35.5,-60.5,0.143
"911",36.5,-129.5,0.117
"912",36.5,-128.5,0.125
"913",36.5,-127.5,0.122
"914",36.5,-126.5,0.135
"915",36.5,-125.5,0.131
"916",36.5,-124.5,0.127
"917",36.5,-123.5,0.126
"918",36.5,-122.5,0.131
"919",36.5,-121.5,0.023
"920",36.5,-120.5,0.077
"921",36.5,-119.5,0.103
"922",36.5,-118.5,0.072
"923",36.5,-117.5,0.243
"924",36.5,-116.5,0.318
"925",36.5,-115.5,0.322
"926",36.5,-114.5,0.277
"927",36.5,-113.5,0.127
"928",36.5,-112.5,0.072
"929",36.5,-111.5,0.104
"930",36.5,-110.5,0.086
"931",36.5,-109.5,0.062
"932",36.5,-108.5,0.096
"933",36.5,-107.5,0.113
"934",36.5,-106.5,0.081
"935",36.5,-105.5,0.087
"936",36.5,-104.5,0.056
"937",36.5,-103.5,0.105
"938",36.5,-102.5,0.127
"939",36.5,-101.5,0.138
"940",36.5,-100.5,0.129
"941",36.5,-99.5,0.071
"942",36.5,-98.5,0.056
"943",36.5,-97.5,0.063
"944",36.5,-96.5,0.066
"945",36.5,-95.5,0.086
"946",36.5,-94.5,0.072
"947",36.5,-93.5,0.06
"948",36.5,-92.5,0.059
"949",36.5,-91.5,0.061
"950",36.5,-90.5,0.101
"951",36.5,-89.5,0.123
"952",36.5,-88.5,0.078
"953",36.5,-87.5,0.073
"954",36.5,-86.5,0.076
"955",36.5,-85.5,0.059
"956",36.5,-84.5,0.049
"957",36.5,-83.5,0.056
"958",36.5,-82.5,0.059
"959",36.5,-81.5,0.049
"960",36.5,-80.5,0.049
"961",36.5,-79.5,0.048
"962",36.5,-78.5,0.053
"963",36.5,-77.5,0.059
"964",36.5,-76.5,0.088
"965",36.5,-75.5,0.13
"966",36.5,-74.5,0.133
"967",36.5,-73.5,0.139
"968",36.5,-72.5,0.145
"969",36.5,-71.5,0.15
"970",36.5,-70.5,0.145
"971",36.5,-69.5,0.145
"972",36.5,-68.5,0.152
"973",36.5,-67.5,0.146
"974",36.5,-66.5,0.145
"975",36.5,-65.5,0.147
"976",36.5,-64.5,0.153
"977",36.5,-63.5,0.158
"978",36.5,-62.5,0.156
"979",36.5,-61.5,0.146
"980",36.5,-60.5,0.15
"981",37.5,-129.5,0.119
"982",37.5,-128.5,0.127
"983",37.5,-127.5,0.125
"984",37.5,-126.5,0.132
"985",37.5,-125.5,0.133
"986",37.5,-124.5,0.124
"987",37.5,-123.5,0.118
"988",37.5,-122.5,0.076
"989",37.5,-121.5,0.053
"990",37.5,-120.5,0.066
"991",37.5,-119.5,0.058
"992",37.5,-118.5,0.217
"993",37.5,-117.5,0.301
"994",37.5,-116.5,0.296
"995",37.5,-115.5,0.326
"996",37.5,-114.5,0.239
"997",37.5,-113.5,0.125
"998",37.5,-112.5,0.076
"999",37.5,-111.5,0.089
"1000",37.5,-110.5,0.079
"1001",37.5,-109.5,0.065
"1002",37.5,-108.5,0.073
"1003",37.5,-107.5,0.064
"1004",37.5,-106.5,0.135
"1005",37.5,-105.5,0.151
"1006",37.5,-104.5,0.098
"1007",37.5,-103.5,0.139
"1008",37.5,-102.5,0.149
"1009",37.5,-101.5,0.115
"1010",37.5,-100.5,0.11
"1011",37.5,-99.5,0.085
"1012",37.5,-98.5,0.072
"1013",37.5,-97.5,0.084
"1014",37.5,-96.5,0.075
"1015",37.5,-95.5,0.068
"1016",37.5,-94.5,0.083
"1017",37.5,-93.5,0.08
"1018",37.5,-92.5,0.062
"1019",37.5,-91.5,0.065
"1020",37.5,-90.5,0.07
"1021",37.5,-89.5,0.096
"1022",37.5,-88.5,0.084
"1023",37.5,-87.5,0.091
"1024",37.5,-86.5,0.07
"1025",37.5,-85.5,0.068
"1026",37.5,-84.5,0.062
"1027",37.5,-83.5,0.052
"1028",37.5,-82.5,0.052
"1029",37.5,-81.5,0.042
"1030",37.5,-80.5,0.031
"1031",37.5,-79.5,0.042
"1032",37.5,-78.5,0.042
"1033",37.5,-77.5,0.058
"1034",37.5,-76.5,0.092
"1035",37.5,-75.5,0.129
"1036",37.5,-74.5,0.133
"1037",37.5,-73.5,0.133
"1038",37.5,-72.5,0.132
"1039",37.5,-71.5,0.144
"1040",37.5,-70.5,0.144
"1041",37.5,-69.5,0.139
"1042",37.5,-68.5,0.134
"1043",37.5,-67.5,0.131
"1044",37.5,-66.5,0.139
"1045",37.5,-65.5,0.144
"1046",37.5,-64.5,0.151
"1047",37.5,-63.5,0.148
"1048",37.5,-62.5,0.156
"1049",37.5,-61.5,0.158
"1050",37.5,-60.5,0.157
"1051",38.5,-129.5,0.122
"1052",38.5,-128.5,0.132
"1053",38.5,-127.5,0.13
"1054",38.5,-126.5,0.128
"1055",38.5,-125.5,0.131
"1056",38.5,-124.5,0.125
"1057",38.5,-123.5,0.07
"1058",38.5,-122.5,0.025
"1059",38.5,-121.5,0.075
"1060",38.5,-120.5,0.041
"1061",38.5,-119.5,0.159
"1062",38.5,-118.5,0.269
"1063",38.5,-117.5,0.269
"1064",38.5,-116.5,0.236
"1065",38.5,-115.5,0.25
"1066",38.5,-114.5,0.187
"1067",38.5,-113.5,0.24
"1068",38.5,-112.5,0.162
"1069",38.5,-111.5,0.126
"1070",38.5,-110.5,0.093
"1071",38.5,-109.5,0.071
"1072",38.5,-108.5,0.081
"1073",38.5,-107.5,0.094
"1074",38.5,-106.5,0.099
"1075",38.5,-105.5,0.089
"1076",38.5,-104.5,0.131
"1077",38.5,-103.5,0.131
"1078",38.5,-102.5,0.171
"1079",38.5,-101.5,0.151
"1080",38.5,-100.5,0.134
"1081",38.5,-99.5,0.097
"1082",38.5,-98.5,0.085
"1083",38.5,-97.5,0.082
"1084",38.5,-96.5,0.092
"1085",38.5,-95.5,0.08
"1086",38.5,-94.5,0.087
"1087",38.5,-93.5,0.079
"1088",38.5,-92.5,0.074
"1089",38.5,-91.5,0.073
"1090",38.5,-90.5,0.101
"1091",38.5,-89.5,0.12
"1092",38.5,-88.5,0.132
"1093",38.5,-87.5,0.115
"1094",38.5,-86.5,0.072
"1095",38.5,-85.5,0.075
"1096",38.5,-84.5,0.081
"1097",38.5,-83.5,0.071
"1098",38.5,-82.5,0.065
"1099",38.5,-81.5,0.054
"1100",38.5,-80.5,0.041
"1101",38.5,-79.5,0.036
"1102",38.5,-78.5,0.056
"1103",38.5,-77.5,0.065
"1104",38.5,-76.5,0.09
"1105",38.5,-75.5,0.095
"1106",38.5,-74.5,0.136
"1107",38.5,-73.5,0.137
"1108",38.5,-72.5,0.135
"1109",38.5,-71.5,0.131
"1110",38.5,-70.5,0.139
"1111",38.5,-69.5,0.14
"1112",38.5,-68.5,0.138
"1113",38.5,-67.5,0.137
"1114",38.5,-66.5,0.143
"1115",38.5,-65.5,0.144
"1116",38.5,-64.5,0.154
"1117",38.5,-63.5,0.145
"1118",38.5,-62.5,0.149
"1119",38.5,-61.5,0.147
"1120",38.5,-60.5,0.16
"1121",39.5,-129.5,0.109
"1122",39.5,-128.5,0.129
"1123",39.5,-127.5,0.134
"1124",39.5,-126.5,0.124
"1125",39.5,-125.5,0.128
"1126",39.5,-124.5,0.12
"1127",39.5,-123.5,0.015
"1128",39.5,-122.5,0.028
"1129",39.5,-121.5,0.044
"1130",39.5,-120.5,0.053
"1131",39.5,-119.5,0.204
"1132",39.5,-118.5,0.378
"1133",39.5,-117.5,0.257
"1134",39.5,-116.5,0.202
"1135",39.5,-115.5,0.189
"1136",39.5,-114.5,0.226
"1137",39.5,-113.5,0.418
"1138",39.5,-112.5,0.168
"1139",39.5,-111.5,0.097
"1140",39.5,-110.5,0.152
"1141",39.5,-109.5,0.147
"1142",39.5,-108.5,0.101
"1143",39.5,-107.5,0.071
"1144",39.5,-106.5,0.072
"1145",39.5,-105.5,0.111
"1146",39.5,-104.5,0.132
"1147",39.5,-103.5,0.136
"1148",39.5,-102.5,0.147
"1149",39.5,-101.5,0.153
"1150",39.5,-100.5,0.136
"1151",39.5,-99.5,0.135
"1152",39.5,-98.5,0.104
"1153",39.5,-97.5,0.095
"1154",39.5,-96.5,0.09
"1155",39.5,-95.5,0.082
"1156",39.5,-94.5,0.096
"1157",39.5,-93.5,0.085
"1158",39.5,-92.5,0.091
"1159",39.5,-91.5,0.084
"1160",39.5,-90.5,0.082
"1161",39.5,-89.5,0.086
"1162",39.5,-88.5,0.117
"1163",39.5,-87.5,0.109
"1164",39.5,-86.5,0.102
"1165",39.5,-85.5,0.12
"1166",39.5,-84.5,0.114
"1167",39.5,-83.5,0.107
"1168",39.5,-82.5,0.066
"1169",39.5,-81.5,0.062
"1170",39.5,-80.5,0.06
"1171",39.5,-79.5,0.048
"1172",39.5,-78.5,0.06
"1173",39.5,-77.5,0.078
"1174",39.5,-76.5,0.088
"1175",39.5,-75.5,0.107
"1176",39.5,-74.5,0.095
"1177",39.5,-73.5,0.126
"1178",39.5,-72.5,0.137
"1179",39.5,-71.5,0.135
"1180",39.5,-70.5,0.13
"1181",39.5,-69.5,0.139
"1182",39.5,-68.5,0.132
"1183",39.5,-67.5,0.135
"1184",39.5,-66.5,0.141
"1185",39.5,-65.5,0.14
"1186",39.5,-64.5,0.137
"1187",39.5,-63.5,0.148
"1188",39.5,-62.5,0.144
"1189",39.5,-61.5,0.135
"1190",39.5,-60.5,0.157
"1191",40.5,-129.5,0.111
"1192",40.5,-128.5,0.118
"1193",40.5,-127.5,0.129
"1194",40.5,-126.5,0.125
"1195",40.5,-125.5,0.119
"1196",40.5,-124.5,0.091
"1197",40.5,-123.5,0.011
"1198",40.5,-122.5,0.028
"1199",40.5,-121.5,0.03
"1200",40.5,-120.5,0.09
"1201",40.5,-119.5,0.188
"1202",40.5,-118.5,0.317
"1203",40.5,-117.5,0.255
"1204",40.5,-116.5,0.226
"1205",40.5,-115.5,0.179
"1206",40.5,-114.5,0.293
"1207",40.5,-113.5,0.333
"1208",40.5,-112.5,0.192
"1209",40.5,-111.5,0.105
"1210",40.5,-110.5,0.093
"1211",40.5,-109.5,0.105
"1212",40.5,-108.5,0.094
"1213",40.5,-107.5,0.075
"1214",40.5,-106.5,0.073
"1215",40.5,-105.5,0.103
"1216",40.5,-104.5,0.118
"1217",40.5,-103.5,0.146
"1218",40.5,-102.5,0.117
"1219",40.5,-101.5,0.132
"1220",40.5,-100.5,0.125
"1221",40.5,-99.5,0.136
"1222",40.5,-98.5,0.137
"1223",40.5,-97.5,0.113
"1224",40.5,-96.5,0.101
"1225",40.5,-95.5,0.1
"1226",40.5,-94.5,0.083
"1227",40.5,-93.5,0.077
"1228",40.5,-92.5,0.081
"1229",40.5,-91.5,0.082
"1230",40.5,-90.5,0.081
"1231",40.5,-89.5,0.074
"1232",40.5,-88.5,0.09
"1233",40.5,-87.5,0.104
"1234",40.5,-86.5,0.125
"1235",40.5,-85.5,0.145
"1236",40.5,-84.5,0.153
"1237",40.5,-83.5,0.142
"1238",40.5,-82.5,0.111
"1239",40.5,-81.5,0.086
"1240",40.5,-80.5,0.078
"1241",40.5,-79.5,0.075
"1242",40.5,-78.5,0.048
"1243",40.5,-77.5,0.059
"1244",40.5,-76.5,0.088
"1245",40.5,-75.5,0.09
"1246",40.5,-74.5,0.099
"1247",40.5,-73.5,0.139
"1248",40.5,-72.5,0.131
"1249",40.5,-71.5,0.147
"1250",40.5,-70.5,0.145
"1251",40.5,-69.5,0.138
"1252",40.5,-68.5,0.139
"1253",40.5,-67.5,0.131
"1254",40.5,-66.5,0.126
"1255",40.5,-65.5,0.13
"1256",40.5,-64.5,0.134
"1257",40.5,-63.5,0.14
"1258",40.5,-62.5,0.142
"1259",40.5,-61.5,0.133
"1260",40.5,-60.5,0.145
"1261",41.5,-129.5,0.11
"1262",41.5,-128.5,0.116
"1263",41.5,-127.5,0.125
"1264",41.5,-126.5,0.129
"1265",41.5,-125.5,0.122
"1266",41.5,-124.5,0.103
"1267",41.5,-123.5,0.045
"1268",41.5,-122.5,0.055
"1269",41.5,-121.5,0.056
"1270",41.5,-120.5,0.075
"1271",41.5,-119.5,0.153
"1272",41.5,-118.5,0.203
"1273",41.5,-117.5,0.225
"1274",41.5,-116.5,0.148
"1275",41.5,-115.5,0.143
"1276",41.5,-114.5,0.186
"1277",41.5,-113.5,0.241
"1278",41.5,-112.5,0.179
"1279",41.5,-111.5,0.07
"1280",41.5,-110.5,0.112
"1281",41.5,-109.5,0.161
"1282",41.5,-108.5,0.181
"1283",41.5,-107.5,0.108
"1284",41.5,-106.5,0.11
"1285",41.5,-105.5,0.154
"1286",41.5,-104.5,0.193
"1287",41.5,-103.5,0.163
"1288",41.5,-102.5,0.148
"1289",41.5,-101.5,0.141
"1290",41.5,-100.5,0.127
"1291",41.5,-99.5,0.119
"1292",41.5,-98.5,0.12
"1293",41.5,-97.5,0.123
"1294",41.5,-96.5,0.129
"1295",41.5,-95.5,0.117
"1296",41.5,-94.5,0.095
"1297",41.5,-93.5,0.084
"1298",41.5,-92.5,0.099
"1299",41.5,-91.5,0.105
"1300",41.5,-90.5,0.108
"1301",41.5,-89.5,0.09
"1302",41.5,-88.5,0.1
"1303",41.5,-87.5,0.125
"1304",41.5,-86.5,0.089
"1305",41.5,-85.5,0.107
"1306",41.5,-84.5,0.121
"1307",41.5,-83.5,0.127
"1308",41.5,-82.5,0.123
"1309",41.5,-81.5,0.114
"1310",41.5,-80.5,0.093
"1311",41.5,-79.5,0.072
"1312",41.5,-78.5,0.036
"1313",41.5,-77.5,0.046
"1314",41.5,-76.5,0.069
"1315",41.5,-75.5,0.061
"1316",41.5,-74.5,0.066
"1317",41.5,-73.5,0.065
"1318",41.5,-72.5,0.08
"1319",41.5,-71.5,0.081
"1320",41.5,-70.5,0.099
"1321",41.5,-69.5,0.147
"1322",41.5,-68.5,0.154
"1323",41.5,-67.5,0.159
"1324",41.5,-66.5,0.16
"1325",41.5,-65.5,0.158
"1326",41.5,-64.5,0.147
"1327",41.5,-63.5,0.147
"1328",41.5,-62.5,0.134
"1329",41.5,-61.5,0.127
"1330",41.5,-60.5,0.125
"1331",42.5,-129.5,0.113
"1332",42.5,-128.5,0.11
"1333",42.5,-127.5,0.117
"1334",42.5,-126.5,0.122
"1335",42.5,-125.5,0.119
"1336",42.5,-124.5,0.082
"1337",42.5,-123.5,0.049
"1338",42.5,-122.5,0.042
"1339",42.5,-121.5,0.056
"1340",42.5,-120.5,0.112
"1341",42.5,-119.5,0.163
"1342",42.5,-118.5,0.164
"1343",42.5,-117.5,0.169
"1344",42.5,-116.5,0.158
"1345",42.5,-115.5,0.194
"1346",42.5,-114.5,0.154
"1347",42.5,-113.5,0.159
"1348",42.5,-112.5,0.132
"1349",42.5,-111.5,0.07
"1350",42.5,-110.5,0.084
"1351",42.5,-109.5,0.142
"1352",42.5,-108.5,0.174
"1353",42.5,-107.5,0.217
"1354",42.5,-106.5,0.161
"1355",42.5,-105.5,0.146
"1356",42.5,-104.5,0.181
"1357",42.5,-103.5,0.177
"1358",42.5,-102.5,0.166
"1359",42.5,-101.5,0.172
"1360",42.5,-100.5,0.136
"1361",42.5,-99.5,0.103
"1362",42.5,-98.5,0.094
"1363",42.5,-97.5,0.095
"1364",42.5,-96.5,0.12
"1365",42.5,-95.5,0.124
"1366",42.5,-94.5,0.068
"1367",42.5,-93.5,0.094
"1368",42.5,-92.5,0.111
"1369",42.5,-91.5,0.113
"1370",42.5,-90.5,0.098
"1371",42.5,-89.5,0.089
"1372",42.5,-88.5,0.101
"1373",42.5,-87.5,0.13
"1374",42.5,-86.5,0.1
"1375",42.5,-85.5,0.058
"1376",42.5,-84.5,0.064
"1377",42.5,-83.5,0.107
"1378",42.5,-82.5,0.153
"1379",42.5,-81.5,0.12
"1380",42.5,-80.5,0.094
"1381",42.5,-79.5,0.081
"1382",42.5,-78.5,0.063
"1383",42.5,-77.5,0.045
"1384",42.5,-76.5,0.051
"1385",42.5,-75.5,0.037
"1386",42.5,-74.5,0.048
"1387",42.5,-73.5,0.051
"1388",42.5,-72.5,0.047
"1389",42.5,-71.5,0.06
"1390",42.5,-70.5,0.104
"1391",42.5,-69.5,0.123
"1392",42.5,-68.5,0.131
"1393",42.5,-67.5,0.157
"1394",42.5,-66.5,0.179
"1395",42.5,-65.5,0.166
"1396",42.5,-64.5,0.125
"1397",42.5,-63.5,0.194
"1398",42.5,-62.5,0.168
"1399",42.5,-61.5,0.166
"1400",42.5,-60.5,0.126
"1401",43.5,-129.5,0.119
"1402",43.5,-128.5,0.114
"1403",43.5,-127.5,0.109
"1404",43.5,-126.5,0.113
"1405",43.5,-125.5,0.109
"1406",43.5,-124.5,0.076
"1407",43.5,-123.5,0.013
"1408",43.5,-122.5,0.033
"1409",43.5,-121.5,0.059
"1410",43.5,-120.5,0.146
"1411",43.5,-119.5,0.136
"1412",43.5,-118.5,0.143
"1413",43.5,-117.5,0.171
"1414",43.5,-116.5,0.176
"1415",43.5,-115.5,0.126
"1416",43.5,-114.5,0.133
"1417",43.5,-113.5,0.135
"1418",43.5,-112.5,0.181
"1419",43.5,-111.5,0.123
"1420",43.5,-110.5,0.088
"1421",43.5,-109.5,0.164
"1422",43.5,-108.5,0.2
"1423",43.5,-107.5,0.171
"1424",43.5,-106.5,0.185
"1425",43.5,-105.5,0.191
"1426",43.5,-104.5,0.17
"1427",43.5,-103.5,0.161
"1428",43.5,-102.5,0.184
"1429",43.5,-101.5,0.157
"1430",43.5,-100.5,0.162
"1431",43.5,-99.5,0.124
"1432",43.5,-98.5,0.088
"1433",43.5,-97.5,0.097
"1434",43.5,-96.5,0.111
"1435",43.5,-95.5,0.096
"1436",43.5,-94.5,0.067
"1437",43.5,-93.5,0.081
"1438",43.5,-92.5,0.076
"1439",43.5,-91.5,0.087
"1440",43.5,-90.5,0.059
"1441",43.5,-89.5,0.08
"1442",43.5,-88.5,0.109
"1443",43.5,-87.5,0.126
"1444",43.5,-86.5,0.107
"1445",43.5,-85.5,0.084
"1446",43.5,-84.5,0.088
"1447",43.5,-83.5,0.09
"1448",43.5,-82.5,0.102
"1449",43.5,-81.5,0.086
"1450",43.5,-80.5,0.094
"1451",43.5,-79.5,0.114
"1452",43.5,-78.5,0.09
"1453",43.5,-77.5,0.092
"1454",43.5,-76.5,0.073
"1455",43.5,-75.5,0.059
"1456",43.5,-74.5,0.035
"1457",43.5,-73.5,0.056
"1458",43.5,-72.5,0.047
"1459",43.5,-71.5,0.035
"1460",43.5,-70.5,0.079
"1461",43.5,-69.5,0.111
"1462",43.5,-68.5,0.127
"1463",43.5,-67.5,0.141
"1464",43.5,-66.5,0.149
"1465",43.5,-65.5,0.102
"1466",43.5,-64.5,0.125
"1467",43.5,-63.5,0.124
"1468",43.5,-62.5,0.145
"1469",43.5,-61.5,0.172
"1470",43.5,-60.5,0.153
"1471",44.5,-129.5,0.13
"1472",44.5,-128.5,0.12
"1473",44.5,-127.5,0.108
"1474",44.5,-126.5,0.111
"1475",44.5,-125.5,0.104
"1476",44.5,-124.5,0.097
"1477",44.5,-123.5,0.023
"1478",44.5,-122.5,0.021
"1479",44.5,-121.5,0.076
"1480",44.5,-120.5,0.083
"1481",44.5,-119.5,0.061
"1482",44.5,-118.5,0.056
"1483",44.5,-117.5,0.121
"1484",44.5,-116.5,0.112
"1485",44.5,-115.5,0.062
"1486",44.5,-114.5,0.138
"1487",44.5,-113.5,0.193
"1488",44.5,-112.5,0.178
"1489",44.5,-111.5,0.096
"1490",44.5,-110.5,0.073
"1491",44.5,-109.5,0.192
"1492",44.5,-108.5,0.237
"1493",44.5,-107.5,0.152
"1494",44.5,-106.5,0.156
"1495",44.5,-105.5,0.142
"1496",44.5,-104.5,0.136
"1497",44.5,-103.5,0.171
"1498",44.5,-102.5,0.181
"1499",44.5,-101.5,0.153
"1500",44.5,-100.5,0.173
"1501",44.5,-99.5,0.121
"1502",44.5,-98.5,0.101
"1503",44.5,-97.5,0.092
"1504",44.5,-96.5,0.079
"1505",44.5,-95.5,0.083
"1506",44.5,-94.5,0.062
"1507",44.5,-93.5,0.082
"1508",44.5,-92.5,0.069
"1509",44.5,-91.5,0.073
"1510",44.5,-90.5,0.083
"1511",44.5,-89.5,0.086
"1512",44.5,-88.5,0.116
"1513",44.5,-87.5,0.134
"1514",44.5,-86.5,0.132
"1515",44.5,-85.5,0.073
"1516",44.5,-84.5,0.074
"1517",44.5,-83.5,0.102
"1518",44.5,-82.5,0.125
"1519",44.5,-81.5,0.085
"1520",44.5,-80.5,0.062
"1521",44.5,-79.5,0.075
"1522",44.5,-78.5,0.058
"1523",44.5,-77.5,0.059
"1524",44.5,-76.5,0.071
"1525",44.5,-75.5,0.078
"1526",44.5,-74.5,0.046
"1527",44.5,-73.5,0.052
"1528",44.5,-72.5,0.05
"1529",44.5,-71.5,0.042
"1530",44.5,-70.5,0.04
"1531",44.5,-69.5,0.046
"1532",44.5,-68.5,0.066
"1533",44.5,-67.5,0.091
"1534",44.5,-66.5,0.12
"1535",44.5,-65.5,0.054
"1536",44.5,-64.5,0.065
"1537",44.5,-63.5,0.094
"1538",44.5,-62.5,0.123
"1539",44.5,-61.5,0.125
"1540",44.5,-60.5,0.161
"1541",45.5,-129.5,0.131
"1542",45.5,-128.5,0.123
"1543",45.5,-127.5,0.118
"1544",45.5,-126.5,0.111
"1545",45.5,-125.5,0.111
"1546",45.5,-124.5,0.1
"1547",45.5,-123.5,0.014
"1548",45.5,-122.5,0.028
"1549",45.5,-121.5,0.049
"1550",45.5,-120.5,0.09
"1551",45.5,-119.5,0.104
"1552",45.5,-118.5,0.081
"1553",45.5,-117.5,0.061
"1554",45.5,-116.5,0.079
"1555",45.5,-115.5,0.075
"1556",45.5,-114.5,0.07
"1557",45.5,-113.5,0.108
"1558",45.5,-112.5,0.167
"1559",45.5,-111.5,0.15
"1560",45.5,-110.5,0.156
"1561",45.5,-109.5,0.173
"1562",45.5,-108.5,0.167
"1563",45.5,-107.5,0.154
"1564",45.5,-106.5,0.127
"1565",45.5,-105.5,0.157
"1566",45.5,-104.5,0.172
"1567",45.5,-103.5,0.169
"1568",45.5,-102.5,0.134
"1569",45.5,-101.5,0.124
"1570",45.5,-100.5,0.135
"1571",45.5,-99.5,0.102
"1572",45.5,-98.5,0.113
"1573",45.5,-97.5,0.107
"1574",45.5,-96.5,0.09
"1575",45.5,-95.5,0.074
"1576",45.5,-94.5,0.068
"1577",45.5,-93.5,0.078
"1578",45.5,-92.5,0.081
"1579",45.5,-91.5,0.086
"1580",45.5,-90.5,0.074
"1581",45.5,-89.5,0.082
"1582",45.5,-88.5,0.102
"1583",45.5,-87.5,0.099
"1584",45.5,-86.5,0.115
"1585",45.5,-85.5,0.064
"1586",45.5,-84.5,0.085
"1587",45.5,-83.5,0.109
"1588",45.5,-82.5,0.106
"1589",45.5,-81.5,0.093
"1590",45.5,-80.5,0.088
"1591",45.5,-79.5,0.058
"1592",45.5,-78.5,0.048
"1593",45.5,-77.5,0.056
"1594",45.5,-76.5,0.046
"1595",45.5,-75.5,0.059
"1596",45.5,-74.5,0.069
"1597",45.5,-73.5,0.124
"1598",45.5,-72.5,0.08
"1599",45.5,-71.5,0.04
"1600",45.5,-70.5,0.032
"1601",45.5,-69.5,0.032
"1602",45.5,-68.5,0.031
"1603",45.5,-67.5,0.032
"1604",45.5,-66.5,0.041
"1605",45.5,-65.5,0.077
"1606",45.5,-64.5,0.043
"1607",45.5,-63.5,0.039
"1608",45.5,-62.5,0.055
"1609",45.5,-61.5,0.063
"1610",45.5,-60.5,0.112
"1611",46.5,-129.5,0.133
"1612",46.5,-128.5,0.129
"1613",46.5,-127.5,0.124
"1614",46.5,-126.5,0.118
"1615",46.5,-125.5,0.116
"1616",46.5,-124.5,0.098
"1617",46.5,-123.5,0.015
"1618",46.5,-122.5,0.017
"1619",46.5,-121.5,0.039
"1620",46.5,-120.5,0.095
"1621",46.5,-119.5,0.107
"1622",46.5,-118.5,0.112
"1623",46.5,-117.5,0.108
"1624",46.5,-116.5,0.085
"1625",46.5,-115.5,0.069
"1626",46.5,-114.5,0.107
"1627",46.5,-113.5,0.097
"1628",46.5,-112.5,0.118
"1629",46.5,-111.5,0.152
"1630",46.5,-110.5,0.16
"1631",46.5,-109.5,0.177
"1632",46.5,-108.5,0.152
"1633",46.5,-107.5,0.175
"1634",46.5,-106.5,0.189
"1635",46.5,-105.5,0.18
"1636",46.5,-104.5,0.146
"1637",46.5,-103.5,0.134
"1638",46.5,-102.5,0.117
"1639",46.5,-101.5,0.114
"1640",46.5,-100.5,0.122
"1641",46.5,-99.5,0.095
"1642",46.5,-98.5,0.091
"1643",46.5,-97.5,0.082
"1644",46.5,-96.5,0.081
"1645",46.5,-95.5,0.088
"1646",46.5,-94.5,0.08
"1647",46.5,-93.5,0.063
"1648",46.5,-92.5,0.072
"1649",46.5,-91.5,0.078
"1650",46.5,-90.5,0.075
"1651",46.5,-89.5,0.064
"1652",46.5,-88.5,0.062
"1653",46.5,-87.5,0.091
"1654",46.5,-86.5,0.084
"1655",46.5,-85.5,0.078
"1656",46.5,-84.5,0.059
"1657",46.5,-83.5,0.05
"1658",46.5,-82.5,0.047
"1659",46.5,-81.5,0.066
"1660",46.5,-80.5,0.071
"1661",46.5,-79.5,0.051
"1662",46.5,-78.5,0.061
"1663",46.5,-77.5,0.046
"1664",46.5,-76.5,0.079
"1665",46.5,-75.5,0.049
"1666",46.5,-74.5,0.054
"1667",46.5,-73.5,0.055
"1668",46.5,-72.5,0.06
"1669",46.5,-71.5,0.047
"1670",46.5,-70.5,0.039
"1671",46.5,-69.5,0.027
"1672",46.5,-68.5,0.019
"1673",46.5,-67.5,0.022
"1674",46.5,-66.5,0.044
"1675",46.5,-65.5,0.055
"1676",46.5,-64.5,0.066
"1677",46.5,-63.5,0.098
"1678",46.5,-62.5,0.16
"1679",46.5,-61.5,0.221
"1680",46.5,-60.5,0.178
"1681",47.5,-129.5,0.134
"1682",47.5,-128.5,0.128
"1683",47.5,-127.5,0.121
"1684",47.5,-126.5,0.114
"1685",47.5,-125.5,0.106
"1686",47.5,-124.5,0.081
"1687",47.5,-123.5,0.026
"1688",47.5,-122.5,0.029
"1689",47.5,-121.5,0.031
"1690",47.5,-120.5,0.069
"1691",47.5,-119.5,0.103
"1692",47.5,-118.5,0.094
"1693",47.5,-117.5,0.091
"1694",47.5,-116.5,0.05
"1695",47.5,-115.5,0.049
"1696",47.5,-114.5,0.101
"1697",47.5,-113.5,0.077
"1698",47.5,-112.5,0.172
"1699",47.5,-111.5,0.177
"1700",47.5,-110.5,0.177
"1701",47.5,-109.5,0.183
"1702",47.5,-108.5,0.18
"1703",47.5,-107.5,0.181
"1704",47.5,-106.5,0.185
"1705",47.5,-105.5,0.166
"1706",47.5,-104.5,0.14
"1707",47.5,-103.5,0.167
"1708",47.5,-102.5,0.132
"1709",47.5,-101.5,0.135
"1710",47.5,-100.5,0.095
"1711",47.5,-99.5,0.083
"1712",47.5,-98.5,0.075
"1713",47.5,-97.5,0.075
"1714",47.5,-96.5,0.081
"1715",47.5,-95.5,0.075
"1716",47.5,-94.5,0.067
"1717",47.5,-93.5,0.055
"1718",47.5,-92.5,0.083
"1719",47.5,-91.5,0.076
"1720",47.5,-90.5,0.099
"1721",47.5,-89.5,0.104
"1722",47.5,-88.5,0.093
"1723",47.5,-87.5,0.116
"1724",47.5,-86.5,0.114
"1725",47.5,-85.5,0.092
"1726",47.5,-84.5,0.05
"1727",47.5,-83.5,0.045
"1728",47.5,-82.5,0.044
"1729",47.5,-81.5,0.035
"1730",47.5,-80.5,0.05
"1731",47.5,-79.5,0.04
"1732",47.5,-78.5,0.04
"1733",47.5,-77.5,0.036
"1734",47.5,-76.5,0.031
"1735",47.5,-75.5,0.027
"1736",47.5,-74.5,0.026
"1737",47.5,-73.5,0.025
"1738",47.5,-72.5,0.075
"1739",47.5,-71.5,0.034
"1740",47.5,-70.5,0.062
"1741",47.5,-69.5,0.041
"1742",47.5,-68.5,0.034
"1743",47.5,-67.5,0.026
"1744",47.5,-66.5,0.048
"1745",47.5,-65.5,0.07
"1746",47.5,-64.5,0.099
"1747",47.5,-63.5,0.103
"1748",47.5,-62.5,0.109
"1749",47.5,-61.5,0.12
"1750",47.5,-60.5,0.135
"1751",48.5,-129.5,0.126
"1752",48.5,-128.5,0.119
"1753",48.5,-127.5,0.116
"1754",48.5,-126.5,0.116
"1755",48.5,-125.5,0.096
"1756",48.5,-124.5,0.097
"1757",48.5,-123.5,0.044
"1758",48.5,-122.5,0.043
"1759",48.5,-121.5,0.043
"1760",48.5,-120.5,0.053
"1761",48.5,-119.5,0.076
"1762",48.5,-118.5,0.038
"1763",48.5,-117.5,0.036
"1764",48.5,-116.5,0.069
"1765",48.5,-115.5,0.067
"1766",48.5,-114.5,0.089
"1767",48.5,-113.5,0.181
"1768",48.5,-112.5,0.19
"1769",48.5,-111.5,0.194
"1770",48.5,-110.5,0.174
"1771",48.5,-109.5,0.189
"1772",48.5,-108.5,0.184
"1773",48.5,-107.5,0.182
"1774",48.5,-106.5,0.155
"1775",48.5,-105.5,0.122
"1776",48.5,-104.5,0.121
"1777",48.5,-103.5,0.136
"1778",48.5,-102.5,0.136
"1779",48.5,-101.5,0.096
"1780",48.5,-100.5,0.083
"1781",48.5,-99.5,0.081
"1782",48.5,-98.5,0.084
"1783",48.5,-97.5,0.079
"1784",48.5,-96.5,0.175
"1785",48.5,-95.5,0.146
"1786",48.5,-94.5,0.108
"1787",48.5,-93.5,0.069
"1788",48.5,-92.5,0.088
"1789",48.5,-91.5,0.096
"1790",48.5,-90.5,0.065
"1791",48.5,-89.5,0.07
"1792",48.5,-88.5,0.074
"1793",48.5,-87.5,0.1
"1794",48.5,-86.5,0.094
"1795",48.5,-85.5,0.06
"1796",48.5,-84.5,0.069
"1797",48.5,-83.5,0.06
"1798",48.5,-82.5,0.052
"1799",48.5,-81.5,0.048
"1800",48.5,-80.5,0.049
"1801",48.5,-79.5,0.046
"1802",48.5,-78.5,0.046
"1803",48.5,-77.5,0.054
"1804",48.5,-76.5,0.051
"1805",48.5,-75.5,0.055
"1806",48.5,-74.5,0.058
"1807",48.5,-73.5,0.037
"1808",48.5,-72.5,0.066
"1809",48.5,-71.5,0.054
"1810",48.5,-70.5,0.047
"1811",48.5,-69.5,0.059
"1812",48.5,-68.5,0.081
"1813",48.5,-67.5,0.085
"1814",48.5,-66.5,0.081
"1815",48.5,-65.5,0.046
"1816",48.5,-64.5,0.082
"1817",48.5,-63.5,0.108
"1818",48.5,-62.5,0.11
"1819",48.5,-61.5,0.122
"1820",48.5,-60.5,0.117
"1821",49.5,-129.5,0.122
"1822",49.5,-128.5,0.108
"1823",49.5,-127.5,0.103
"1824",49.5,-126.5,0.078
"1825",49.5,-125.5,0.022
"1826",49.5,-124.5,0.025
"1827",49.5,-123.5,0.07
"1828",49.5,-122.5,0.061
"1829",49.5,-121.5,0.039
"1830",49.5,-120.5,0.041
"1831",49.5,-119.5,0.054
"1832",49.5,-118.5,0.044
"1833",49.5,-117.5,0.032
"1834",49.5,-116.5,0.04
"1835",49.5,-115.5,0.089
"1836",49.5,-114.5,0.086
"1837",49.5,-113.5,0.157
"1838",49.5,-112.5,0.166
"1839",49.5,-111.5,0.185
"1840",49.5,-110.5,0.181
"1841",49.5,-109.5,0.167
"1842",49.5,-108.5,0.138
"1843",49.5,-107.5,0.147
"1844",49.5,-106.5,0.15
"1845",49.5,-105.5,0.138
"1846",49.5,-104.5,0.106
"1847",49.5,-103.5,0.103
"1848",49.5,-102.5,0.085
"1849",49.5,-101.5,0.093
"1850",49.5,-100.5,0.083
"1851",49.5,-99.5,0.072
"1852",49.5,-98.5,0.071
"1853",49.5,-97.5,0.104
"1854",49.5,-96.5,0.096
"1855",49.5,-95.5,0.126
"1856",49.5,-94.5,0.068
"1857",49.5,-93.5,0.064
"1858",49.5,-92.5,0.073
"1859",49.5,-91.5,0.082
"1860",49.5,-90.5,0.09
"1861",49.5,-89.5,0.08
"1862",49.5,-88.5,0.065
"1863",49.5,-87.5,0.091
"1864",49.5,-86.5,0.092
"1865",49.5,-85.5,0.084
"1866",49.5,-84.5,0.074
"1867",49.5,-83.5,0.067
"1868",49.5,-82.5,0.059
"1869",49.5,-81.5,0.046
"1870",49.5,-80.5,0.056
"1871",49.5,-79.5,0.051
"1872",49.5,-78.5,0.05
"1873",49.5,-77.5,0.053
"1874",49.5,-76.5,0.063
"1875",49.5,-75.5,0.065
"1876",49.5,-74.5,0.087
"1877",49.5,-73.5,0.074
"1878",49.5,-72.5,0.042
"1879",49.5,-71.5,0.045
"1880",49.5,-70.5,0.05
"1881",49.5,-69.5,0.048
"1882",49.5,-68.5,0.058
"1883",49.5,-67.5,0.087
"1884",49.5,-66.5,0.139
"1885",49.5,-65.5,0.129
"1886",49.5,-64.5,0.13
"1887",49.5,-63.5,0.134
"1888",49.5,-62.5,0.099
"1889",49.5,-61.5,0.117
"1890",49.5,-60.5,0.12
"1891",50.5,-129.5,0.126
"1892",50.5,-128.5,0.108
"1893",50.5,-127.5,0.041
"1894",50.5,-126.5,0.046
"1895",50.5,-125.5,0.023
"1896",50.5,-124.5,0.062
"1897",50.5,-123.5,0.101
"1898",50.5,-122.5,0.072
"1899",50.5,-121.5,0.061
"1900",50.5,-120.5,0.075
"1901",50.5,-119.5,0.051
"1902",50.5,-118.5,0.048
"1903",50.5,-117.5,0.078
"1904",50.5,-116.5,0.085
"1905",50.5,-115.5,0.084
"1906",50.5,-114.5,0.124
"1907",50.5,-113.5,0.167
"1908",50.5,-112.5,0.152
"1909",50.5,-111.5,0.159
"1910",50.5,-110.5,0.151
"1911",50.5,-109.5,0.165
"1912",50.5,-108.5,0.148
"1913",50.5,-107.5,0.108
"1914",50.5,-106.5,0.131
"1915",50.5,-105.5,0.159
"1916",50.5,-104.5,0.136
"1917",50.5,-103.5,0.107
"1918",50.5,-102.5,0.091
"1919",50.5,-101.5,0.092
"1920",50.5,-100.5,0.101
"1921",50.5,-99.5,0.075
"1922",50.5,-98.5,0.124
"1923",50.5,-97.5,0.116
"1924",50.5,-96.5,0.093
"1925",50.5,-95.5,0.09
"1926",50.5,-94.5,0.086
"1927",50.5,-93.5,0.086
"1928",50.5,-92.5,0.071
"1929",50.5,-91.5,0.068
"1930",50.5,-90.5,0.068
"1931",50.5,-89.5,0.073
"1932",50.5,-88.5,0.083
"1933",50.5,-87.5,0.1
"1934",50.5,-86.5,0.083
"1935",50.5,-85.5,0.076
"1936",50.5,-84.5,0.079
"1937",50.5,-83.5,0.075
"1938",50.5,-82.5,0.052
"1939",50.5,-81.5,0.038
"1940",50.5,-80.5,0.045
"1941",50.5,-79.5,0.059
"1942",50.5,-78.5,0.053
"1943",50.5,-77.5,0.06
"1944",50.5,-76.5,0.067
"1945",50.5,-75.5,0.075
"1946",50.5,-74.5,0.082
"1947",50.5,-73.5,0.077
"1948",50.5,-72.5,0.052
"1949",50.5,-71.5,0.071
"1950",50.5,-70.5,0.039
"1951",50.5,-69.5,0.046
"1952",50.5,-68.5,0.064
"1953",50.5,-67.5,0.07
"1954",50.5,-66.5,0.095
"1955",50.5,-65.5,0.115
"1956",50.5,-64.5,0.106
"1957",50.5,-63.5,0.112
"1958",50.5,-62.5,0.1
"1959",50.5,-61.5,0.116
"1960",50.5,-60.5,0.109
"1961",51.5,-129.5,0.105
"1962",51.5,-128.5,0.114
"1963",51.5,-127.5,0.044
"1964",51.5,-126.5,0.093
"1965",51.5,-125.5,0.104
"1966",51.5,-124.5,0.06
"1967",51.5,-123.5,0.045
"1968",51.5,-122.5,0.051
"1969",51.5,-121.5,0.053
"1970",51.5,-120.5,0.044
"1971",51.5,-119.5,0.069
"1972",51.5,-118.5,0.086
"1973",51.5,-117.5,0.122
"1974",51.5,-116.5,0.098
"1975",51.5,-115.5,0.074
"1976",51.5,-114.5,0.099
"1977",51.5,-113.5,0.168
"1978",51.5,-112.5,0.145
"1979",51.5,-111.5,0.103
"1980",51.5,-110.5,0.128
"1981",51.5,-109.5,0.159
"1982",51.5,-108.5,0.156
"1983",51.5,-107.5,0.149
"1984",51.5,-106.5,0.101
"1985",51.5,-105.5,0.122
"1986",51.5,-104.5,0.116
"1987",51.5,-103.5,0.101
"1988",51.5,-102.5,0.09
"1989",51.5,-101.5,0.083
"1990",51.5,-100.5,0.077
"1991",51.5,-99.5,0.12
"1992",51.5,-98.5,0.088
"1993",51.5,-97.5,0.098
"1994",51.5,-96.5,0.096
"1995",51.5,-95.5,0.091
"1996",51.5,-94.5,0.068
"1997",51.5,-93.5,0.07
"1998",51.5,-92.5,0.064
"1999",51.5,-91.5,0.065
"2000",51.5,-90.5,0.071
"2001",51.5,-89.5,0.08
"2002",51.5,-88.5,0.089
"2003",51.5,-87.5,0.085
"2004",51.5,-86.5,0.084
"2005",51.5,-85.5,0.083
"2006",51.5,-84.5,0.082
"2007",51.5,-83.5,0.076
"2008",51.5,-82.5,0.077
"2009",51.5,-81.5,0.066
"2010",51.5,-80.5,0.09
"2011",51.5,-79.5,0.067
"2012",51.5,-78.5,0.066
"2013",51.5,-77.5,0.074
"2014",51.5,-76.5,0.076
"2015",51.5,-75.5,0.065
"2016",51.5,-74.5,0.084
"2017",51.5,-73.5,0.083
"2018",51.5,-72.5,0.088
"2019",51.5,-71.5,0.095
"2020",51.5,-70.5,0.098
"2021",51.5,-69.5,0.074
"2022",51.5,-68.5,0.07
"2023",51.5,-67.5,0.092
"2024",51.5,-66.5,0.106
"2025",51.5,-65.5,0.146
"2026",51.5,-64.5,0.133
"2027",51.5,-63.5,0.123
"2028",51.5,-62.5,0.115
"2029",51.5,-61.5,0.095
"2030",51.5,-60.5,0.143
"2031",52.5,-129.5,0.115
"2032",52.5,-128.5,0.063
"2033",52.5,-127.5,0.049
"2034",52.5,-126.5,0.066
"2035",52.5,-125.5,0.045
"2036",52.5,-124.5,0.035
"2037",52.5,-123.5,0.032
"2038",52.5,-122.5,0.037
"2039",52.5,-121.5,0.036
"2040",52.5,-120.5,0.07
"2041",52.5,-119.5,0.105
"2042",52.5,-118.5,0.082
"2043",52.5,-117.5,0.07
"2044",52.5,-116.5,0.071
"2045",52.5,-115.5,0.084
"2046",52.5,-114.5,0.071
"2047",52.5,-113.5,0.08
"2048",52.5,-112.5,0.097
"2049",52.5,-111.5,0.09
"2050",52.5,-110.5,0.066
"2051",52.5,-109.5,0.092
"2052",52.5,-108.5,0.098
"2053",52.5,-107.5,0.084
"2054",52.5,-106.5,0.096
"2055",52.5,-105.5,0.118
"2056",52.5,-104.5,0.13
"2057",52.5,-103.5,0.089
"2058",52.5,-102.5,0.076
"2059",52.5,-101.5,0.085
"2060",52.5,-100.5,0.103
"2061",52.5,-99.5,0.095
"2062",52.5,-98.5,0.098
"2063",52.5,-97.5,0.115
"2064",52.5,-96.5,0.103
"2065",52.5,-95.5,0.076
"2066",52.5,-94.5,0.087
"2067",52.5,-93.5,0.077
"2068",52.5,-92.5,0.068
"2069",52.5,-91.5,0.064
"2070",52.5,-90.5,0.065
"2071",52.5,-89.5,0.083
"2072",52.5,-88.5,0.083
"2073",52.5,-87.5,0.082
"2074",52.5,-86.5,0.093
"2075",52.5,-85.5,0.119
"2076",52.5,-84.5,0.104
"2077",52.5,-83.5,0.076
"2078",52.5,-82.5,0.074
"2079",52.5,-81.5,0.081
"2080",52.5,-80.5,0.101
"2081",52.5,-79.5,0.112
"2082",52.5,-78.5,0.08
"2083",52.5,-77.5,0.081
"2084",52.5,-76.5,0.077
"2085",52.5,-75.5,0.079
"2086",52.5,-74.5,0.117
"2087",52.5,-73.5,0.117
"2088",52.5,-72.5,0.114
"2089",52.5,-71.5,0.112
"2090",52.5,-70.5,0.15
"2091",52.5,-69.5,0.135
"2092",52.5,-68.5,0.155
"2093",52.5,-67.5,0.19
"2094",52.5,-66.5,0.156
"2095",52.5,-65.5,0.192
"2096",52.5,-64.5,0.194
"2097",52.5,-63.5,0.172
"2098",52.5,-62.5,0.215
"2099",52.5,-61.5,0.117
"2100",52.5,-60.5,0.1
"2101",53.5,-129.5,0.032
"2102",53.5,-128.5,0.046
"2103",53.5,-127.5,0.065
"2104",53.5,-126.5,0.046
"2105",53.5,-125.5,0.041
"2106",53.5,-124.5,0.052
"2107",53.5,-123.5,0.044
"2108",53.5,-122.5,0.047
"2109",53.5,-121.5,0.057
"2110",53.5,-120.5,0.093
"2111",53.5,-119.5,0.074
"2112",53.5,-118.5,0.072
"2113",53.5,-117.5,0.067
"2114",53.5,-116.5,0.067
"2115",53.5,-115.5,0.069
"2116",53.5,-114.5,0.096
"2117",53.5,-113.5,0.112
"2118",53.5,-112.5,0.1
"2119",53.5,-111.5,0.074
"2120",53.5,-110.5,0.067
"2121",53.5,-109.5,0.059
"2122",53.5,-108.5,0.058
"2123",53.5,-107.5,0.046
"2124",53.5,-106.5,0.062
"2125",53.5,-105.5,0.087
"2126",53.5,-104.5,0.075
"2127",53.5,-103.5,0.081
"2128",53.5,-102.5,0.066
"2129",53.5,-101.5,0.1
"2130",53.5,-100.5,0.115
"2131",53.5,-99.5,0.113
"2132",53.5,-98.5,0.167
"2133",53.5,-97.5,0.119
"2134",53.5,-96.5,0.102
"2135",53.5,-95.5,0.114
"2136",53.5,-94.5,0.117
"2137",53.5,-93.5,0.102
"2138",53.5,-92.5,0.09
"2139",53.5,-91.5,0.075
"2140",53.5,-90.5,0.065
"2141",53.5,-89.5,0.079
"2142",53.5,-88.5,0.078
"2143",53.5,-87.5,0.078
"2144",53.5,-86.5,0.104
"2145",53.5,-85.5,0.115
"2146",53.5,-84.5,0.136
"2147",53.5,-83.5,0.119
"2148",53.5,-82.5,0.11
"2149",53.5,-81.5,0.129
"2150",53.5,-80.5,0.114
"2151",53.5,-79.5,0.135
"2152",53.5,-78.5,0.118
"2153",53.5,-77.5,0.091
"2154",53.5,-76.5,0.08
"2155",53.5,-75.5,0.11
"2156",53.5,-74.5,0.122
"2157",53.5,-73.5,0.145
"2158",53.5,-72.5,0.166
"2159",53.5,-71.5,0.162
"2160",53.5,-70.5,0.153
"2161",53.5,-69.5,0.198
"2162",53.5,-68.5,0.223
"2163",53.5,-67.5,0.186
"2164",53.5,-66.5,0.19
"2165",53.5,-65.5,0.204
"2166",53.5,-64.5,0.203
"2167",53.5,-63.5,0.223
"2168",53.5,-62.5,0.276
"2169",53.5,-61.5,0.152
"2170",53.5,-60.5,0.13
"2171",54.5,-129.5,0.106
"2172",54.5,-128.5,0.103
"2173",54.5,-127.5,0.066
"2174",54.5,-126.5,0.057
"2175",54.5,-125.5,0.046
"2176",54.5,-124.5,0.043
"2177",54.5,-123.5,0.04
"2178",54.5,-122.5,0.054
"2179",54.5,-121.5,0.064
"2180",54.5,-120.5,0.068
"2181",54.5,-119.5,0.065
"2182",54.5,-118.5,0.05
"2183",54.5,-117.5,0.059
"2184",54.5,-116.5,0.062
"2185",54.5,-115.5,0.053
"2186",54.5,-114.5,0.085
"2187",54.5,-113.5,0.058
"2188",54.5,-112.5,0.049
"2189",54.5,-111.5,0.066
"2190",54.5,-110.5,0.068
"2191",54.5,-109.5,0.058
"2192",54.5,-108.5,0.064
"2193",54.5,-107.5,0.076
"2194",54.5,-106.5,0.075
"2195",54.5,-105.5,0.066
"2196",54.5,-104.5,0.068
"2197",54.5,-103.5,0.098
"2198",54.5,-102.5,0.095
"2199",54.5,-101.5,0.099
"2200",54.5,-100.5,0.119
"2201",54.5,-99.5,0.115
"2202",54.5,-98.5,0.13
"2203",54.5,-97.5,0.133
"2204",54.5,-96.5,0.128
"2205",54.5,-95.5,0.126
"2206",54.5,-94.5,0.123
"2207",54.5,-93.5,0.098
"2208",54.5,-92.5,0.09
"2209",54.5,-91.5,0.093
"2210",54.5,-90.5,0.096
"2211",54.5,-89.5,0.097
"2212",54.5,-88.5,0.105
"2213",54.5,-87.5,0.11
"2214",54.5,-86.5,0.132
"2215",54.5,-85.5,0.14
"2216",54.5,-84.5,0.147
"2217",54.5,-83.5,0.122
"2218",54.5,-82.5,0.103
"2219",54.5,-81.5,0.139
"2220",54.5,-80.5,0.134
"2221",54.5,-79.5,0.147
"2222",54.5,-78.5,0.114
"2223",54.5,-77.5,0.105
"2224",54.5,-76.5,0.111
"2225",54.5,-75.5,0.12
"2226",54.5,-74.5,0.124
"2227",54.5,-73.5,0.166
"2228",54.5,-72.5,0.17
"2229",54.5,-71.5,0.157
"2230",54.5,-70.5,0.206
"2231",54.5,-69.5,0.174
"2232",54.5,-68.5,0.189
"2233",54.5,-67.5,0.202
"2234",54.5,-66.5,0.196
"2235",54.5,-65.5,0.192
"2236",54.5,-64.5,0.174
"2237",54.5,-63.5,0.218
"2238",54.5,-62.5,0.246
"2239",54.5,-61.5,0.112
"2240",54.5,-60.5,0.14
